Ref,Val,Package,PosX,PosY,Rot,Side
"C1","10uF","C_0805_2012Metric",113.000000,-146.200000,0.000000,top
"C2","10uF","C_0805_2012Metric",118.000000,-141.200000,0.000000,top
"C3","10uF","C_0805_2012Metric",110.000000,-127.200000,0.000000,top
"C4","100nF","C_0402_1005Metric",113.000000,-127.200000,0.000000,top
"C5","1uF","C_0402_1005Metric",113.000000,-123.200000,0.000000,top
"C6","100nF","C_0402_1005Metric",142.000000,-145.200000,0.000000,top
"D1","LED","LED_0603_1608Metric",144.000000,-127.200000,0.000000,top
"J1","USB_C_Receptacle_USB2.0_16P","USB_C_Receptacle_GCT_USB4105-xx-A_16P_TopMnt_Horizontal",125.000000,-152.500000,0.000000,top
"J2","Conn_01x08","PinHeader_1x08_P2.54mm_Vertical",146.000000,-106.200000,0.000000,top
"R1","5.1k","R_0402_1005Metric",132.000000,-149.200000,0.000000,top
"R2","5.1k","R_0402_1005Metric",135.000000,-149.200000,0.000000,top
"R3","10k","R_0402_1005Metric",110.000000,-123.200000,0.000000,top
"R4","10k","R_0402_1005Metric",110.000000,-119.200000,0.000000,top
"R5","4.7k","R_0402_1005Metric",146.000000,-138.200000,0.000000,top
"R6","4.7k","R_0402_1005Metric",146.000000,-140.700000,0.000000,top
"R7","1k","R_0402_1005Metric",140.000000,-127.200000,0.000000,top
"SW1","SW_Push","SW_SPST_B3U-1000P",105.000000,-130.200000,0.000000,top
"SW2","SW_Push","SW_SPST_B3U-1000P",105.000000,-136.200000,0.000000,top
"SW3","SW_Push","SW_SPST_B3U-1000P",105.000000,-142.200000,0.000000,top
"U1","ESP32-C3-WROOM-02","ESP32-C3-WROOM-02",125.000000,-107.200000,0.000000,top
"U2","AP2112K-3.3","SOT-23-5",113.000000,-141.200000,0.000000,top
"U3","BME280","Bosch_LGA-8_2.5x2.5mm_P0.65mm_ClockwisePinNumbering",142.000000,-141.200000,0.000000,top
"U4","USBLC6-2SC6","SOT-23-6",125.000000,-145.200000,0.000000,top
