Comment,Designator,Footprint,Quantity,LCSC Part #
10uF,"C1,C2,C3",C_0805_2012Metric,3,
100nF,"C4,C6",C_0402_1005Metric,2,
1uF,C5,C_0402_1005Metric,1,
LED,D1,LED_0603_1608Metric,1,
USB_C_Receptacle_USB2.0_16P,J1,USB_C_Receptacle_GCT_USB4105-xx-A_16P_TopMnt_Horizontal,1,
Conn_01x08,J2,PinHeader_1x08_P2.54mm_Vertical,1,
5.1k,"R1,R2",R_0402_1005Metric,2,
10k,"R3,R4",R_0402_1005Metric,2,
4.7k,"R5,R6",R_0402_1005Metric,2,
1k,R7,R_0402_1005Metric,1,
SW_Push,"SW1,SW2,SW3",SW_SPST_B3U-1000P,3,
ESP32-C3-WROOM-02,U1,ESP32-C3-WROOM-02,1,C2934560 (N4 surumu; dogrulanmadi)
AP2112K-3.3,U2,SOT-23-5,1,C51118 (AP2112K-3.3TRG1; dogrulanmadi)
BME280,U3,Bosch_LGA-8_2.5x2.5mm_P0.65mm_ClockwisePinNumbering,1,
USBLC6-2SC6,U4,SOT-23-6,1,
